<?xml version="1.0"?>
<!DOCTYPE module PUBLIC
    "-//Puppy Crawl//DTD Check Configuration 1.3//EN"
    "http://checkstyle.sourceforge.net/dtds/configuration_1_3.dtd">
<module name="Checker">

    <module name="SuppressionFilter">
        <property name="file" value="${configDir}/suppressions.xml" />
        <property name="optional" value="false"/>
    </module>

    <!-- Enables us to suppress warnings for particular lines of code via annotation. -->
    <module name="SuppressWarningsFilter" />

    <module name="FileLength">
        <property name="max" value="1000"/>
    </module>

    <!-- Unnecessary multiple blank lines. -->
    <module name="RegexpMultiline">
        <property name="format"
                  value="^(\s*\n){2,}" />
        <property name="message"
                  value="Unnecessary multiple blank lines." />
    </module>

    <module name="TreeWalker">
        <property name="cacheFile"
                  value="bin/cachefile" />
        <property name="tabWidth"
                  value="4" />

        <!-- Enables us to suppress warnings for particular lines of code via annotation. -->
        <module name="SuppressWarningsHolder" />

        <!-- Checks for Javadoc comments. See http://checkstyle.sf.net/config_javadoc.html -->
        <module name="JavadocType">
            <property name="scope"
                      value="protected" />
        </module>
        <module name="JavadocMethod">
            <property name="minLineCount" value="10" />
            <property name="scope"
                      value="protected" />
            <property name="allowMissingPropertyJavadoc"
                      value="true" />
        </module>
        <module name="JavadocStyle">
            <property name="scope"
                      value="protected" />
            <property name="checkFirstSentence"
                      value="false" />
        </module>

        <!-- Start lines with tabs instead of spaces. -->
        <module name="RegexpSinglelineJava">
            <property name="format"
                      value="^\t+$" />
            <property name="message"
                      value="Line has tabs (\t character); spacing should be performed with spaces only." />
            <property name="ignoreComments"
                      value="true" />
        </module>

        <module name="AnnotationLocation">
            <property name="allowSamelineParameterizedAnnotation" value="true"/>
        </module>
        <module name="MissingOverride" />
        <!-- Currently not working -->
        <module name="MissingDeprecated" />

        <!-- Checks for Naming Conventions.                  -->
        <!-- See http://checkstyle.sf.net/config_naming.html -->
        <module name="ConstantName" />
        <module name="LocalFinalVariableName" />
        <module name="LocalVariableName" />
        <module name="MemberName" />
        <module name="MethodName" />
        <module name="PackageName" />
        <module name="ParameterName" />
        <module name="StaticVariableName" />
        <module name="TypeName" />

        <!-- Checks for imports                              -->
        <module name="AvoidStarImport" />
        <!-- See http://checkstyle.sf.net/config_import.html -->
        <module name="IllegalImport" />
        <!-- defaults to sun.* packages -->
        <module name="RedundantImport" />
        <module name="UnusedImports" />

        <!-- Checks for Size Violations.                    -->
        <!-- See http://checkstyle.sf.net/config_sizes.html -->
        <module name="LineLength">
            <property name="max"
                      value="140" />
        </module>
        <module name="MethodLength" />
        <module name="ParameterNumber" />

        <!-- Checks for whitespace                               -->
        <!-- See http://checkstyle.sf.net/config_whitespace.html -->
        <module name="GenericWhitespace" />
        <module name="EmptyForIteratorPad" />
        <module name="MethodParamPad" />
        <module name="NoWhitespaceAfter">
            <property name="tokens"
                      value="BNOT, DEC, DOT, INC, LNOT, UNARY_MINUS, ARRAY_DECLARATOR, UNARY_PLUS" />
        </module>
        <module name="NoWhitespaceBefore" />
        <module name="OperatorWrap">
            <property name="option" value="eol"/>
        </module>
        <module name="ParenPad" />
        <module name="TypecastParenPad" />
        <module name="WhitespaceAfter" />
        <module name="WhitespaceAround">
            <property name="allowEmptyMethods" value="true" />
            <property name="allowEmptyConstructors" value="true" />
        </module>
        <module name="SingleSpaceSeparator">
            <property name="validateComments" value="true"/>
        </module>

        <!-- Modifier Checks                                    -->
        <!-- See http://checkstyle.sf.net/config_modifiers.html -->
        <module name="ModifierOrder" />
        <module name="RedundantModifier" />

        <!-- Checks for blocks. You know, those {}'s         -->
        <!-- See http://checkstyle.sf.net/config_blocks.html -->
        <module name="AvoidNestedBlocks">
            <property name="allowInSwitchCase" value="true"/>
        </module>
        <module name="EmptyBlock" />
        <module name="LeftCurly" />
        <module name="RightCurly" />
        <module name="NeedBraces">
            <property name="allowSingleLineStatement" value="true"/>
        </module>

        <!-- Checks for common coding problems               -->
        <!-- See http://checkstyle.sf.net/config_coding.html -->
        <module name="CovariantEquals" />
        <module name="DefaultComesLast" />
        <module name="EmptyStatement" />
        <module name="EqualsAvoidNull" />
        <module name="EqualsHashCode" />
        <module name="ExplicitInitialization" />
        <module name="HiddenField">
            <property name="ignoreSetter" value="true" />
            <property name="ignoreConstructorParameter" value="true" />
        </module>
        <module name="IllegalInstantiation" />
        <module name="IllegalThrows" />
        <module name="InnerAssignment" />
        <module name="MagicNumber">
            <property name="ignoreHashCodeMethod"
                      value="true" />
            <property name="ignoreNumbers"
                      value="-1, 0, 1, 2, 90, 100, 180, 255, 270, 360" />
        </module>
        <module name="MissingSwitchDefault"/>
        <module name="ModifiedControlVariable" />
        <module name="MultipleStringLiterals" />
        <module name="OneStatementPerLine" />
        <module name="NoClone" />
        <module name="NoFinalizer" />
        <module name="PackageDeclaration" />
        <module name="OverloadMethodsDeclarationOrder"/>
        <module name="SimplifyBooleanExpression" />
        <module name="SimplifyBooleanReturn" />
        <module name="StringLiteralEquality" />
        <module name="NestedForDepth">
            <property name="max" value="4"/>
        </module>
        <module name="NestedIfDepth">
            <property name="max" value="4"/>
        </module>
        <module name="NestedTryDepth">
            <property name="max" value="4"/>
        </module>

        <!-- Checks for class design                         -->
        <!-- See http://checkstyle.sf.net/config_design.html -->
        <module name="FinalClass" />
        <module name="HideUtilityClassConstructor" />
        <module name="InnerTypeLast" />
        <module name="InterfaceIsType" />
        <module name="MutableException" />

        <!-- Miscellaneous other checks.                   -->
        <!-- See http://checkstyle.sf.net/config_misc.html -->
        <module name="ArrayTypeStyle" />
        <module name="CommentsIndentation" />
        <module name="TrailingComment" />
        <module name="UpperEll" />
    </module>
</module>